,City,Cloudiness,Country,Date,Humidity,Lat,Lng,Temp,Wind Speed
0,Faanui,100,PF,1644773009,73,-16.4833,-151.75,81.07,14.32
1,Bethel,100,US,1644773009,79,41.3712,-73.414,31.77,4.61
2,Saldanha,19,ZA,1644773010,85,-33.0117,17.9442,75.25,27.67
3,Sweetwater,100,US,1644773010,88,25.7634,-80.3731,66.22,6.91
4,Busselton,4,AU,1644773010,68,-33.65,115.3333,65.05,12.84
5,Ginir,57,ET,1644773011,28,7.1333,40.7,65.25,1.95
6,Bubaque,4,GW,1644773011,51,11.2833,-15.8333,80.62,13.0
7,Chokurdakh,100,RU,1644773011,97,70.6333,147.9167,-2.4,10.96
8,Hobart,75,AU,1644772817,81,-42.8794,147.3294,62.46,6.91
9,Puerto Ayora,98,EC,1644773012,84,-0.7393,-90.3518,82.36,5.01
10,Lorengau,99,PG,1644773012,79,-2.0226,147.2712,80.35,2.3
11,George Town,40,MY,1644773012,92,5.4112,100.3354,80.89,8.05
12,Punta Arenas,20,CL,1644772915,50,-53.15,-70.9167,51.91,50.64
13,Padang,99,ID,1644773013,83,-0.9492,100.3543,77.77,3.69
14,Mildura,93,AU,1644772997,38,-34.2,142.15,78.76,4.61
15,Hilo,20,US,1644772961,82,19.7297,-155.09,64.8,7.0
16,Saint Paul Harbor,0,US,1644772785,86,57.79,-152.4072,27.91,6.91
17,Russell,40,US,1644773013,33,32.3502,-85.1999,49.15,11.5
18,Rikitea,18,PF,1644772990,70,-23.1203,-134.9692,78.67,11.63
19,Penzance,100,GB,1644773014,90,50.1186,-5.5371,49.21,25.43
20,Kahului,40,US,1644772961,90,20.8947,-156.47,71.83,5.01
21,Ushuaia,100,AR,1644773014,76,-54.8,-68.3,46.06,48.34
22,Praia,0,CV,1644773014,53,14.9215,-23.5087,79.34,20.71
23,Vaini,20,TO,1644773015,89,-21.2,-175.2,78.96,5.75
24,Lüderitz,7,NA,1644773015,64,-26.6481,15.1594,75.43,16.2
25,Port Alfred,78,ZA,1644773015,82,-33.5906,26.891,73.99,10.94
26,Parola,0,IN,1644773016,30,20.8833,75.1167,74.98,4.05
27,Yining,97,CN,1644773016,79,29.0361,114.5636,44.53,1.95
28,Valleyview,73,CA,1644773016,55,55.0667,-117.2859,33.84,3.44
29,Cidreira,88,BR,1644773016,84,-30.1811,-50.2056,74.21,8.79
30,Constitución,5,CL,1644773017,72,-35.3333,-72.4167,68.45,11.05
31,Formosa do Rio Preto,84,BR,1644773017,73,-11.0483,-45.1931,82.27,1.83
32,Batemans Bay,100,AU,1644773017,85,-35.7167,150.1833,66.09,5.01
33,Hermanus,9,ZA,1644773018,79,-34.4187,19.2345,75.9,14.27
34,Hamilton,20,US,1644773018,59,39.1834,-84.5333,27.59,5.75
35,Yatou,60,CN,1644773018,79,37.15,122.3833,35.15,5.41
36,Bagalkot,0,IN,1644773019,29,16.1833,75.7,77.27,9.55
37,Atuona,33,PF,1644773019,78,-9.8,-139.0333,77.4,13.29
38,Barrow,0,US,1644772802,100,71.2906,-156.7887,-29.18,9.22
39,East London,75,ZA,1644773019,94,-33.0153,27.9116,72.54,12.66
40,Upernavik,100,GL,1644773020,95,72.7868,-56.1549,-5.66,11.63
41,Tegul'det,27,RU,1644773020,92,57.3064,88.1667,0.46,9.4
42,Hambantota,100,LK,1644773020,88,6.1241,81.1185,74.88,17.69
43,Ribeira Grande,75,PT,1644773020,59,38.5167,-28.7,63.0,6.91
44,Vianópolis,72,BR,1644773021,84,-16.7419,-48.5164,72.39,8.68
45,Zhob,73,PK,1644773021,42,31.3411,69.4481,52.16,1.45
46,Albany,100,US,1644772895,61,42.6001,-73.9662,27.48,3.0
47,Sulangan,100,PH,1644773021,82,11.1373,123.7228,79.34,14.2
48,Guntakal,3,IN,1644773022,49,15.1667,77.3833,74.68,10.85
49,Cape Town,20,ZA,1644772960,69,-33.9258,18.4232,73.11,26.46
50,Husavik,14,IS,1644773022,79,66.0449,-17.3389,-0.49,14.85
51,Amposta,22,ES,1644773022,75,40.7131,0.581,58.23,8.9
52,Bredasdorp,20,ZA,1644773023,68,-34.5322,20.0403,72.28,11.5
53,Arraial do Cabo,40,BR,1644773023,74,-22.9661,-42.0278,80.56,16.11
54,Kaitangata,29,NZ,1644773024,89,-46.2817,169.8464,50.94,3.58
55,Sterling,100,US,1644772577,87,39.0062,-77.4286,34.52,10.0
56,Bambous Virieux,75,MU,1644773024,89,-20.3428,57.7575,82.22,11.5
57,Grand Gaube,100,MU,1644772758,77,-20.0064,57.6608,82.38,5.99
58,Peñal,56,TT,1644773024,66,10.1667,-61.4667,88.9,5.01
59,Provideniya,16,RU,1644773025,94,64.3833,-173.3,-13.11,3.51
60,Yulara,0,AU,1644772823,33,-25.2406,130.9889,71.44,6.91
61,Mataura,30,NZ,1644773025,99,-46.1927,168.8643,42.48,2.75
62,Karratha,16,AU,1644773025,68,-20.7377,116.8463,83.73,14.09
63,Rostovka,94,RU,1644773026,100,55.3842,71.8891,-4.38,6.93
64,Longyearbyen,75,SJ,1644773026,85,78.2186,15.6401,13.84,5.75
65,Kendari,100,ID,1644773026,94,-3.945,122.4989,74.7,3.62
66,Shelburne,97,CA,1644773027,76,44.0787,-80.2041,12.13,2.19
67,Abu Dhabi,20,AE,1644772939,47,24.4667,54.3667,66.22,6.91
68,Departamento de Maldonado,6,UY,1644772922,46,-34.6667,-54.9167,69.19,17.6
69,Mariehamn,100,AX,1644773027,81,60.0973,19.9348,37.26,17.27
70,San Cristobal,80,VE,1644773028,39,7.7669,-72.225,77.18,6.71
71,Rio Grande,63,BR,1644772964,45,-32.035,-52.0986,77.13,7.43
72,Kieta,90,PG,1644773028,83,-6.2167,155.6333,78.3,2.48
73,Bac Lieu,7,VN,1644773028,83,9.285,105.7244,78.8,12.12
74,Cabo San Lucas,75,MX,1644773029,45,22.8909,-109.9124,80.62,4.61
75,Airai,96,TL,1644773029,91,-8.9266,125.4092,59.07,2.28
76,Comodoro Rivadavia,20,AR,1644773029,24,-45.8667,-67.5,91.26,14.97
77,Kapaa,100,US,1644773030,85,22.0752,-159.319,70.12,12.66
78,Nam Som,41,TH,1644773030,63,17.7704,102.1895,81.41,3.56
79,Ruska Poliana,9,UA,1644773030,55,49.417,31.9201,31.59,6.8
80,Jalu,72,LY,1644773031,39,29.0331,21.5482,59.81,7.4
81,Fairbanks,100,US,1644773031,82,64.8378,-147.7164,11.23,0.0
82,Zaysan,68,KZ,1644773031,78,47.4667,84.8667,13.66,3.69
83,Khatanga,85,RU,1644773032,93,71.9667,102.5,-25.13,2.17
84,Aksarka,95,RU,1644773032,100,66.5606,67.7975,-16.78,3.53
85,Āsosa,54,ET,1644773032,25,10.0667,34.5333,75.09,4.97
86,Kavieng,97,PG,1644773033,79,-2.5744,150.7967,80.49,6.24
87,Bayaguana,38,DO,1644773033,54,18.7564,-69.6362,87.39,8.32
88,Butaritari,96,KI,1644773033,72,3.0707,172.7902,82.44,13.02
89,Poum,100,NC,1644773033,76,-20.2333,164.0167,81.48,14.47
90,New Norfolk,89,AU,1644773034,59,-42.7826,147.0587,63.9,2.46
91,Nha Trang,44,VN,1644773034,88,12.25,109.1833,77.0,5.37
92,Saint George,0,US,1644773034,26,37.1041,-113.5841,58.53,0.0
93,Lagoa,84,PT,1644773035,64,39.05,-27.9833,57.49,7.36
94,Xihe,4,CN,1644773035,83,31.6864,113.4659,39.78,4.07
95,Pangody,99,RU,1644773035,96,65.85,74.4859,-14.22,8.55
96,Flinders,86,AU,1644772748,80,-34.5833,150.8552,66.38,5.01
97,Kapit,94,MY,1644773036,96,2.0167,112.9333,74.79,1.01
98,Burgeo,99,CA,1644773036,66,47.6167,-57.6152,30.67,20.15
99,Tiksi,98,RU,1644773036,94,71.6872,128.8694,-13.18,11.45
100,Cherskiy,99,RU,1644773037,98,68.75,161.3,-18.04,7.99
101,Salalah,0,OM,1644773037,69,17.0151,54.0924,75.29,2.3
102,Chui,2,UY,1644773037,38,-33.6971,-53.4616,73.4,12.73
103,Hithadhoo,94,MV,1644773038,76,-0.6,73.0833,82.29,12.41
104,Krasnosel'kup,7,RU,1644773038,90,65.7,82.4667,-2.87,12.39
105,Aklavik,75,CA,1644773038,68,68.2191,-135.0107,-22.97,2.3
106,Derzhavīnsk,97,KZ,1644772949,99,51.1,66.3167,5.52,5.41
107,Mount Isa,68,AU,1644773039,94,-20.7333,139.5,73.17,1.14
108,Mar del Plata,0,AR,1644773039,63,-38.0023,-57.5575,68.02,12.66
109,Alice Springs,0,AU,1644773039,67,-23.7,133.8833,62.15,5.75
110,Lebu,95,CL,1644773039,66,-37.6167,-73.65,67.1,11.43
111,Fort Nelson,75,CA,1644773040,77,58.8053,-122.7002,-4.41,3.44
112,Ancud,5,CL,1644773040,73,-41.8697,-73.8203,84.22,7.7
113,Kushmurun,100,KZ,1644773040,96,52.4503,64.6311,9.1,5.97
114,Port Blair,20,IN,1644773041,83,11.6667,92.75,75.24,3.44
115,Tulun,77,RU,1644773041,100,54.5611,100.5792,-28.79,1.9
116,Mount Gambier,100,AU,1644773041,88,-37.8333,140.7667,62.51,10.36
117,Atripalda,31,IT,1644773042,99,40.9158,14.8246,52.23,1.16
118,Tuktoyaktuk,20,CA,1644773042,74,69.4541,-133.0374,-34.6,3.44
119,Klaksvík,100,FO,1644773042,70,62.2266,-6.589,34.72,33.29
120,Henties Bay,13,NA,1644773043,78,-22.116,14.2845,74.86,7.45
121,Gracias,69,HN,1644773043,71,14.5833,-88.5833,80.62,7.23
122,Fountain Hills,0,US,1644772851,17,33.6117,-111.7174,70.27,11.5
123,Cabedelo,3,BR,1644773043,65,-6.9811,-34.8339,88.47,10.58
124,Bengkulu,100,ID,1644773044,87,-3.8004,102.2655,77.18,4.03
125,Thompson,100,CA,1644773044,70,55.7435,-97.8558,-9.24,4.61
126,Polyarny,97,RU,1644773044,70,69.1989,33.4478,9.07,10.69
127,Kropotkin,5,RU,1644773045,71,45.4375,40.5756,34.52,6.15
128,Lakes Entrance,100,AU,1644773045,68,-37.8811,147.981,69.17,4.83
129,Fort-Shevchenko,41,KZ,1644773045,68,44.5086,50.263,36.57,15.57
130,Hasaki,100,JP,1644773046,96,35.7333,140.8333,36.28,35.14
131,Biak,100,ID,1644773046,87,-0.9131,122.8766,74.46,3.02
132,Ilulissat,75,GL,1644773046,58,69.2167,-51.1,19.42,18.41
133,Iqaluit,75,CA,1644773047,75,63.7506,-68.5145,-20.31,2.3
134,Nanortalik,100,GL,1644772872,81,60.1432,-45.2371,29.1,11.61
135,Grand Baie,100,MU,1644772867,77,-20.0182,57.5802,82.45,5.99
136,Inuvik,40,CA,1644773047,76,68.3499,-133.7218,-22.94,3.44
137,Takoradze,54,GH,1644772846,71,4.8845,-1.7554,83.61,13.89
138,Jamestown,100,US,1644772871,35,42.097,-79.2353,21.29,8.05
139,Vestmannaeyjar,20,IS,1644773048,80,63.4427,-20.2734,32.99,28.77
140,Flagstaff,0,US,1644773048,16,35.1981,-111.6513,53.01,3.44
141,Shingū,100,JP,1644773048,88,33.7333,135.9833,45.91,4.05
142,Kutum,40,SD,1644773049,9,14.2,24.6667,71.11,10.38
143,Amurzet,57,RU,1644773049,97,47.6967,131.0981,-9.27,4.83
144,Laas,2,IT,1644773049,62,46.6166,10.7002,33.37,2.35
145,Bani Walid,13,LY,1644773050,47,31.7566,13.9942,59.56,7.96
146,Hervey Bay,6,AU,1644773050,76,-25.2986,152.8535,68.11,16.67
147,Korla,0,CN,1644773050,44,41.7597,86.1469,30.4,3.89
148,Narasannapeta,6,IN,1644773051,54,18.4167,84.05,67.78,3.4
149,Bluff,16,NZ,1644773051,88,-46.6,168.3333,42.8,4.85
150,Tuatapere,13,NZ,1644773051,94,-46.1333,167.6833,42.82,4.36
151,Castro,11,BR,1644773052,51,-24.7911,-50.0119,80.26,5.28
152,Beringovskiy,14,RU,1644773052,98,63.05,179.3167,-27.49,6.46
153,Pimenta Bueno,100,BR,1644773053,92,-11.6725,-61.1936,75.51,3.36
154,Chumikan,100,RU,1644773053,93,54.7183,135.315,-10.25,3.42
155,Tasiilaq,100,GL,1644772879,72,65.6145,-37.6368,12.36,6.02
156,Barcelona,40,ES,1644773037,80,41.3888,2.159,57.61,12.66
157,Basoko,62,CD,1644773053,33,1.2391,23.616,86.14,3.76
158,Saint-Philippe,47,RE,1644773054,87,-21.3585,55.7679,80.19,9.17
159,Nikolskoye,100,RU,1644773054,90,59.7035,30.7861,33.87,12.91
160,Bondoukou,40,CI,1644773054,33,8.0333,-2.8,89.98,7.14
161,Qaanaaq,100,GL,1644773055,92,77.484,-69.3632,-7.24,3.18
162,Eureka,75,US,1644773055,67,40.8021,-124.1637,51.19,2.06
163,Ondjiva,99,AO,1644773056,68,-17.0667,15.7333,74.08,1.72
164,Ola,31,RU,1644773056,80,59.5833,151.2833,-10.43,9.15
165,Sur,0,OM,1644773056,67,22.5667,59.5289,73.11,2.8
166,Pitiquito,35,MX,1644773057,14,30.7,-112.0833,70.39,7.31
167,Ponta do Sol,61,PT,1644773057,68,32.6667,-17.1,66.13,2.04
168,Fortuna,0,US,1644773057,81,40.5982,-124.1573,50.92,6.91
169,Bandarbeyla,39,SO,1644773058,63,9.4942,50.8122,76.14,18.72
170,Idenao,77,CM,1644773058,80,4.2475,9.0047,82.33,10.09
171,Aberdeen,20,GB,1644772896,92,57.1437,-2.0981,44.49,4.61
172,Kruisfontein,31,ZA,1644773059,72,-34.0033,24.7314,70.18,11.56
173,Yellowknife,75,CA,1644773059,71,62.456,-114.3525,-19.59,3.44
174,Dabakala,8,CI,1644773059,12,8.3667,-4.4333,97.21,3.71
175,Avarua,40,CK,1644773059,94,-21.2078,-159.775,75.25,3.44
176,Havelock,100,US,1644772773,91,34.8791,-76.9013,48.18,14.97
177,Ferkessédougou,10,CI,1644773060,7,9.6,-5.2,96.44,4.36
178,Lima,0,PE,1644772280,62,-12.0432,-77.0282,81.9,7.0
179,Vardø,0,NO,1644773060,63,70.3705,31.1107,24.78,14.97
180,Saskylakh,50,RU,1644773061,84,71.9167,114.0833,-15.36,3.44
181,Campbell River,75,CA,1644773061,100,50.0163,-125.2446,38.26,0.0
182,Port Hedland,75,AU,1644773061,79,-20.3167,118.5667,84.25,5.75
183,Buala,76,SB,1644773062,81,-8.145,159.5921,78.84,3.04
184,Tommerup,100,DK,1644773062,71,55.3195,10.2066,40.86,16.2
185,Kvitok,24,RU,1644773063,99,56.0724,98.4813,-15.72,4.29
186,Tsuruoka,100,JP,1644773063,81,38.7217,139.8217,31.66,2.71
187,Uvalde,0,US,1644773063,20,29.3669,-99.767,59.18,8.05
188,Qaqortoq,100,GL,1644772939,88,60.7167,-46.0333,27.1,13.87
189,Cananéia,5,BR,1644773064,55,-25.0147,-47.9267,83.07,9.08
190,Nālūt,39,LY,1644773064,19,30.3333,10.85,62.8,11.41
191,Hīt,0,IQ,1644773064,34,33.6416,42.8251,59.95,9.17
192,São João da Barra,71,BR,1644773065,78,-21.6403,-41.0511,84.29,6.89
193,Coyhaique,0,CL,1644773065,32,-45.5752,-72.0662,81.21,10.36
194,Vila Velha,40,BR,1644773065,55,-20.3297,-40.2925,89.55,11.5
195,Atar,66,MR,1644773066,11,20.5169,-13.0499,82.11,12.28
196,Minas Novas,37,BR,1644773066,65,-17.2186,-42.5903,82.27,2.48
197,Sørland,100,NO,1644773066,58,67.667,12.6934,33.66,27.02
198,Podosinovets,91,RU,1644773067,98,60.2776,47.0659,9.63,3.33
199,Kununurra,73,AU,1644773067,83,-15.7667,128.7333,80.58,6.91
200,Daru,18,PG,1644773067,77,-9.0763,143.2092,79.45,10.0
201,Torbay,75,CA,1644773067,69,47.6666,-52.7314,46.89,26.46
202,Kibala,0,TD,1644773068,20,9.1104,18.3463,93.15,0.0
203,Laguna,0,US,1644773066,72,38.421,-121.4238,68.97,4.61
204,Norman Wells,75,CA,1644773068,69,65.282,-126.8329,-16.56,4.61
205,Lomovka,98,RU,1644773068,99,53.9194,58.3672,14.92,2.75
206,Ucluelet,62,CA,1644773069,62,48.9329,-125.5528,37.71,6.26
207,Mahébourg,75,MU,1644773069,89,-20.4081,57.7,82.26,11.5
208,Nome,0,US,1644773069,69,64.5011,-165.4064,-16.53,0.0
209,Port Elizabeth,100,ZA,1644772823,83,-33.918,25.5701,70.09,12.66
210,Quelimane,75,MZ,1644773070,94,-17.8786,36.8883,76.95,6.91
211,Châteauroux,0,FR,1644773070,54,46.8167,1.7,57.2,17.27
212,Bathsheba,40,BB,1644772956,57,13.2167,-59.5167,83.01,21.85
213,Saint-Pierre,20,RE,1644773071,83,-21.3393,55.4781,80.28,19.57
214,Takahashi,100,JP,1644773071,96,34.7833,133.6167,37.06,1.01
215,Karasjok,100,NO,1644773071,95,69.4719,25.5112,12.31,13.62
216,Iquique,89,CL,1644772970,67,-20.2208,-70.1431,73.44,9.15
217,Khotynets,23,RU,1644773072,92,53.1286,35.3966,21.45,10.29
218,Labuhan,99,ID,1644773072,85,-6.8844,112.2051,78.08,0.98
219,Windsor,100,CA,1644772800,73,42.3001,-83.0165,22.05,4.61
220,Basco,46,PH,1644773072,79,20.4487,121.9702,77.67,17.38
221,Sibut,60,CF,1644773073,17,5.718,19.0739,89.51,3.38
222,Kot Diji,0,PK,1644773073,20,27.3427,68.7083,66.22,1.92
223,Severo-Kuril'sk,37,RU,1644773073,70,50.6789,156.125,23.09,10.18
224,Kelo,21,TD,1644772778,10,9.3086,15.8066,88.95,5.1
225,Roebourne,23,AU,1644773074,65,-20.7833,117.1333,85.48,13.87
226,Sioux Lookout,20,CA,1644772882,70,50.1001,-91.917,-10.82,4.61
227,Kismayo,77,SO,1644773074,80,-0.3582,42.5454,77.59,13.65
228,Tornio,100,FI,1644773075,98,65.8481,24.1466,28.42,11.79
229,Olafsvik,79,IS,1644773075,70,64.8945,-23.7142,27.01,4.43
230,Mānsa,0,IN,1644773075,64,29.9833,75.3833,53.76,7.18
231,Carnarvon,20,AU,1644773076,83,-24.8667,113.6333,78.87,4.61
232,Paciran,100,ID,1644773076,85,-6.8767,112.3761,78.1,1.39
233,Kysyl-Syr,98,RU,1644773076,100,63.8986,122.7617,-25.37,0.83
234,Boden,100,SE,1644772806,98,65.8252,21.6886,28.4,0.85
235,Pangnirtung,0,CA,1644773077,76,66.1451,-65.7125,-23.8,3.44
236,Karaton,100,ID,1644773077,87,-6.3424,106.1045,75.36,2.3
237,Santa Vitória do Palmar,10,BR,1644773077,37,-33.5189,-53.3681,73.36,13.0
238,Verkhnevilyuysk,98,RU,1644773078,100,63.4453,120.3167,-18.4,1.72
239,San Policarpo,49,PH,1644773078,81,12.1791,125.5072,78.33,15.01
240,Guerrero Negro,82,MX,1644773078,32,27.9769,-114.0611,71.82,2.91
241,Yantal',36,RU,1644773079,100,56.8471,105.2542,-26.32,3.29
242,Gutiérrez,96,CO,1644773079,60,4.2547,-74.0025,69.6,7.34
243,Myre,100,NO,1644773079,69,69.1036,15.9492,31.95,32.48
244,Chake Chake,100,TZ,1644773080,79,-5.2459,39.7666,78.58,9.71
245,Saint Anthony,0,US,1644773080,60,45.0205,-93.218,5.67,4.61
246,Alofi,100,NU,1644773080,94,-19.0595,-169.9187,73.29,4.61
247,Nantucket,100,US,1644773081,80,41.2835,-70.0995,37.51,16.11
248,De Aar,91,ZA,1644773081,35,-30.6497,24.0123,81.23,17.22
249,Tautira,97,PF,1644773081,77,-17.7333,-149.15,78.82,16.71
250,Tebingtinggi,59,ID,1644773081,95,3.3285,99.1625,78.85,3.11
251,Dandong,100,CN,1644773082,64,40.1292,124.3947,29.68,4.83
252,Lufkin,0,US,1644773082,37,31.3382,-94.7291,46.83,5.75
253,Bykovo,0,RU,1644773082,74,55.6361,38.0803,30.81,4.47
254,Coquimbo,0,CL,1644773083,56,-29.9533,-71.3436,73.13,12.66
255,Dikson,100,RU,1644773083,87,73.5069,80.5464,-3.77,27.02
256,Itacoatiara,99,BR,1644773083,71,-3.1431,-58.4442,84.34,3.56
257,Iquitos,75,PE,1644773084,70,-3.7481,-73.2472,84.24,2.3
258,Baykit,87,RU,1644773084,100,61.67,96.37,-13.59,3.53
259,Humberto de Campos,47,BR,1644773084,58,-2.5983,-43.4611,87.67,11.25
260,Praia,0,CV,1644773085,53,14.9215,-23.5087,79.34,20.71
261,Bignona,12,SN,1644773085,6,12.8103,-16.2264,96.84,7.34
262,Isangel,86,VU,1644773085,89,-19.55,169.2667,78.42,5.88
263,Shintomi,100,JP,1644773086,89,32.0785,131.4723,48.7,4.92
264,Esperance,0,AU,1644773086,72,-33.8667,121.9,58.84,13.06
265,Riihimäki,100,FI,1644773086,97,60.7377,24.7773,34.72,11.23
266,Lavrentiya,23,RU,1644773087,93,65.5833,-171.0,-20.54,3.29
267,San Vicente,16,AR,1644773087,29,-26.6167,-54.1333,91.8,6.46
268,Bud,28,US,1644773087,60,39.447,-86.1758,24.75,7.54
269,Acaraú,85,BR,1644773088,63,-2.8856,-40.12,85.91,15.99
270,Hong Kong,100,HK,1644773009,89,22.2855,114.1577,60.24,5.99
271,Harper,93,LR,1644773088,69,4.375,-7.7169,81.59,6.73
272,Deer Lake,75,CA,1644773088,68,49.1667,-57.4316,22.86,20.71
273,Bentiu,26,SS,1644773089,13,9.2333,29.8333,87.46,5.59
274,Kalmunai,100,LK,1644772858,91,7.4167,81.8167,74.23,5.59
275,Alekseyevka,7,RU,1644773089,92,50.6309,38.6903,20.21,7.81
276,Līsakovsk,100,KZ,1644773089,96,52.5369,62.4936,16.56,6.51
277,Damietta,47,EG,1644773090,70,31.4165,31.8133,58.89,11.9
278,Ostrovnoy,36,RU,1644773090,79,68.0531,39.5131,11.86,13.31
279,Tilichiki,21,RU,1644773090,92,60.4667,166.1,-18.87,9.64
280,Lompoc,0,US,1644773091,32,34.6391,-120.4579,79.09,11.5
281,Leningradskiy,96,RU,1644773091,95,69.3833,178.4167,-18.69,5.59
282,Yar-Sale,100,RU,1644773091,94,66.8333,70.8333,-7.1,9.57
283,Muskegon,75,US,1644773092,59,43.3,-86.1334,20.82,10.36
284,Tiznit Province,1,MA,1644773092,45,29.5833,-9.5,63.75,11.21
285,Lubango,20,AO,1644773092,18,-14.9172,13.4925,80.46,9.22
286,Dunda,85,TZ,1644773092,90,-8.1167,34.25,66.7,2.57
287,Eyemouth,100,GB,1644773093,93,55.8713,-2.0901,45.82,9.48
288,Buraidah,0,SA,1644773093,23,26.326,43.975,59.45,7.05
289,Miguel Hidalgo,40,MX,1644773093,50,19.4225,-99.2028,65.43,4.61
290,Honiara,96,SB,1644773094,86,-9.4333,159.95,78.13,2.89
291,Sitka,100,US,1644773094,80,57.0531,-135.33,35.49,0.0
292,Pevek,100,RU,1644773094,98,69.7008,170.3133,-18.4,8.75
293,Yangi Marg`ilon,75,UZ,1644773095,87,40.4272,71.7189,39.92,0.0
294,Vrangel',22,RU,1644773095,58,42.7297,133.0839,15.87,8.95
295,Istanbul,75,TR,1644772986,81,41.0351,28.9833,45.07,12.66
296,Haines Junction,100,CA,1644773095,85,60.7522,-137.5108,3.15,2.3
297,Meulaboh,70,ID,1644773096,88,4.1363,96.1285,76.95,3.4
298,Måløy,100,NO,1644773096,94,61.9353,5.1136,41.74,7.0
299,Tavares,20,US,1644773096,83,28.8042,-81.7256,71.35,6.91
300,Toba,100,JP,1644773097,89,34.4833,136.85,44.6,5.99
301,Tokmak,0,UA,1644773097,51,47.2514,35.7058,34.88,5.57
302,Mayo,100,US,1644773097,85,38.8876,-76.5119,36.41,13.8
303,Goderich,91,CA,1644773098,85,43.7501,-81.7165,18.91,5.75
304,Lemon Tree Passage,34,AU,1644773098,74,-32.7327,152.036,65.77,7.29
305,Nampula,75,MZ,1644773098,44,-15.1165,39.2666,76.95,9.22
306,Härnösand,95,SE,1644773098,87,62.6323,17.9379,33.8,12.64
307,Omboué,93,GA,1644773099,76,-1.5746,9.2618,80.6,6.17
308,Chapais,95,CA,1644773099,83,49.7834,-74.8492,-9.62,3.42
309,Uribia,28,CO,1644773099,38,11.7139,-72.266,89.08,25.55
310,Tual,76,ID,1644772878,77,-5.6667,132.75,80.65,7.4
311,Araouane,63,ML,1644773100,12,18.9048,-3.5265,76.96,14.05
312,Ambon City,40,ID,1644773100,94,-3.6954,128.1814,75.34,6.91
313,Mahbūbābād,0,IN,1644773101,31,17.6167,80.0167,70.07,4.18
314,Manzhouli,59,CN,1644773101,99,49.6,117.4333,-19.44,4.79
315,Zambezi,56,ZM,1644773101,87,-13.5432,23.1047,68.77,4.16
316,Soc Trang,7,VN,1644773101,85,9.6033,105.98,77.74,9.01
317,Nemuro,100,JP,1644773102,81,43.3236,145.575,26.89,9.93
318,Morón,0,AR,1644773102,35,-34.6534,-58.6198,79.02,8.14
319,Mongoumba,100,CF,1644773103,21,3.6415,18.5936,86.31,2.48
320,Hobe Sound,75,US,1644773103,90,27.0595,-80.1364,69.01,4.61
321,Talnakh,12,RU,1644773103,69,69.4865,88.3972,-7.47,9.13
322,Dingle,90,PH,1644773104,92,10.9995,122.6711,74.86,6.64
323,Byron Bay,72,AU,1644772895,86,-28.65,153.6167,68.88,7.58
324,Avera,100,US,1644773104,46,33.194,-82.5271,55.06,12.84
325,Geraldton,100,AU,1644773104,88,-28.7667,114.6,74.12,6.91
326,Hofn,6,IS,1644773105,57,64.2539,-15.2082,22.96,8.9
327,Dzilam González,95,MX,1644773105,65,21.2833,-88.9333,76.46,10.22
328,Koubia,1,GN,1644773105,8,11.5833,-11.9,89.51,3.74
329,Monticello,0,US,1644773001,66,45.3055,-93.7941,4.91,4.61
330,Kütahya,100,TR,1644773106,84,39.4242,29.9833,35.55,3.6
331,Namatanai,100,PG,1644773106,83,-3.6667,152.4333,78.4,4.12
332,Olden,100,NO,1644773107,98,61.8364,6.8064,43.16,8.75
333,Pochutla,59,MX,1644772953,39,15.7432,-96.4661,91.81,6.93
334,Ranau,100,MY,1644773107,97,5.9538,116.6641,70.45,1.16
335,Luxor,0,EG,1644773107,28,25.6989,32.6421,68.05,4.61
336,Kodinsk,37,RU,1644772833,100,58.6881,99.1844,-18.94,3.09
337,Plattsburgh,0,US,1644773044,61,44.6995,-73.4529,19.22,5.75
338,Sola,98,VU,1644773108,77,-13.8833,167.55,81.41,13.65
339,Pecos,0,US,1644773108,34,31.4229,-103.4932,52.3,0.0
340,Bantry,71,IE,1644773109,76,51.6833,-9.45,46.35,14.81
341,Drabiv,12,UA,1644773109,61,49.963,32.1529,30.51,7.16
342,Rawson,11,AR,1644773031,22,-43.3002,-65.1023,86.95,17.45
343,Astoria,0,US,1644773109,88,46.1879,-123.8313,51.85,8.01
344,Yārāda,20,IN,1644773110,73,17.65,83.2667,71.92,2.3
345,Santa Cruz de la Sierra,75,BO,1644773110,50,-17.8,-63.1667,81.86,18.41
346,Dobryanka,99,RU,1644773110,100,58.4619,56.4165,22.86,1.92
347,Pisco,0,PE,1644773111,64,-13.7,-76.2167,75.25,8.05
348,Kulhudhuffushi,100,MV,1644773111,73,6.6221,73.07,81.09,9.98
349,Merauke,7,ID,1644773111,81,-8.4667,140.3333,78.64,10.6
350,Conde,40,BR,1644773112,62,-7.2597,-34.9075,87.26,12.66
351,Gunjur,19,GM,1644773112,17,13.2019,-16.7339,93.27,9.22
352,Vao,100,NC,1644773112,83,-22.6667,167.4833,79.41,7.61
353,Along,0,IN,1644773113,61,28.1667,94.7667,46.42,2.19
354,Eséka,100,CM,1644773113,59,3.65,10.7667,84.85,9.06
355,Kuzino,100,RU,1644773114,96,57.0224,59.4412,21.42,4.56
356,Bač,37,RS,1644773114,69,45.3919,19.2367,40.93,5.01
357,Ledyard Center,100,US,1644773114,85,41.4398,-72.0142,31.86,8.05
358,Motygino,12,RU,1644773115,95,58.1831,94.7592,-7.26,6.17
359,Ayan,6,RU,1644773115,84,56.45,138.1667,-9.15,6.6
360,Dalvik,27,IS,1644773115,54,65.9702,-18.5286,-0.47,6.67
361,Coos Bay,75,US,1644773116,93,43.3665,-124.2179,39.18,4.61
362,Río Cauto,1,CU,1644773116,47,20.5603,-76.9161,87.06,0.92
363,Puerto Nariño,100,CO,1644773116,85,-3.7703,-70.3831,76.95,3.27
364,Borba,94,BR,1644773117,89,-4.3878,-59.5939,81.3,3.78
365,San Benito Abad,20,CO,1644773117,49,8.929,-75.0271,91.81,2.8
366,Ongandjera,100,NA,1644773117,67,-17.8833,15.0667,74.03,6.4
367,Iskateley,64,RU,1644773118,98,67.6803,53.1512,0.48,8.43
368,Mbandaka,87,CD,1644773118,44,0.0487,18.2603,84.87,3.36
369,Ahipara,30,NZ,1644772881,63,-35.1667,173.1667,63.79,8.63
370,Anchorage,100,US,1644772860,93,61.2181,-149.9003,31.91,6.91
371,Nouadhibou,85,MR,1644773119,64,20.931,-17.0347,71.58,17.27
372,Gladstone,34,AU,1644773119,68,-23.85,151.25,73.33,9.22
373,Touros,12,BR,1644773119,61,-5.1989,-35.4608,88.7,12.55
374,College,100,US,1644773120,83,64.8569,-147.8028,7.9,0.0
375,Povenets,100,RU,1644773120,96,62.8487,34.8262,27.36,14.32
376,Broome,100,US,1644772933,60,42.2506,-75.833,24.62,9.22
377,Gympie,49,AU,1644773120,94,-26.1898,152.665,67.32,4.63
378,Hammerfest,75,NO,1644773121,79,70.6634,23.6821,19.85,9.22
379,Port Hardy,75,CA,1644773121,93,50.6996,-127.4199,42.76,2.3
380,Lázaro Cárdenas,49,MX,1644773121,31,17.9583,-102.2,88.18,1.99
381,Joppatowne,100,US,1644773122,86,39.4579,-76.3552,34.61,5.75
382,Morant Bay,4,JM,1644773122,63,17.8815,-76.4093,85.62,12.57
383,Menongue,98,AO,1644773122,73,-14.6585,17.691,68.52,3.94
384,Tura,0,IN,1644773123,66,25.5198,90.2201,56.5,4.21
385,Aykhal,5,RU,1644773123,55,66.0,111.5,-7.96,1.12
386,Dholka,0,IN,1644773123,25,22.7167,72.4667,66.58,8.3
387,Noumea,98,NC,1644773124,99,-22.2763,166.4572,81.0,5.5
388,Dunedin,49,NZ,1644772965,80,-45.8742,170.5036,52.81,1.99
389,Seoul,0,KR,1644772873,80,37.5683,126.9778,33.24,3.44
390,Flin Flon,100,CA,1644773124,78,54.7682,-101.865,1.24,3.44
391,Makakilo City,0,US,1644772857,83,21.3469,-158.0858,71.92,5.75
392,Amapá,96,BR,1644772925,73,1.0,-52.0,82.26,3.8
393,Burnie,76,AU,1644773124,93,-41.0667,145.9167,59.94,5.82
394,Hede,19,CN,1644773125,80,33.7681,120.2517,37.35,2.44
395,Vila Franca do Campo,97,PT,1644773125,65,37.7167,-25.4333,64.2,6.51
396,Grindavik,75,IS,1644773125,93,63.8424,-22.4338,28.87,6.91
397,Rincon,100,US,1644773126,58,32.296,-81.2354,62.56,12.66
398,Burley,0,US,1644772914,68,42.5357,-113.7928,29.3,5.75
399,Ilhabela,24,BR,1644773126,79,-23.7781,-45.3581,78.55,5.39
400,Asilah,26,MA,1644772883,60,35.465,-6.0348,64.36,6.89
401,Sambava,26,MG,1644773127,84,-14.2667,50.1667,78.01,3.24
402,Ljungby,100,SE,1644773127,81,56.8332,13.9408,37.81,11.01
403,Zabaykal'sk,56,RU,1644773127,100,49.6333,117.3167,-20.81,4.38
404,Melfi,92,IT,1644773128,73,40.9965,15.6514,48.4,2.93
405,Umluj,0,SA,1644773128,53,25.0213,37.2685,70.97,2.77
406,Suntar,100,RU,1644773128,98,62.1444,117.6319,-11.76,0.74
407,Ketchikan,100,US,1644772904,100,55.3422,-131.6461,39.18,0.0
408,Wuwei,96,CN,1644773129,69,37.9281,102.6414,25.21,3.85
409,Pontianak,40,ID,1644773129,88,-0.0333,109.3333,78.78,0.0
410,Mossamedes,100,AO,1644773129,73,-15.1961,12.1522,77.07,7.65
411,Stromness,100,GB,1644773130,87,58.965,-3.296,41.25,6.46
412,Hope,1,US,1644773130,31,33.6671,-93.5916,44.98,9.15
413,Il’inskiy,0,RU,1644773130,74,55.619,38.1182,30.78,4.47
414,Rubio,83,VE,1644773131,40,7.7013,-72.3557,77.85,4.76
415,Kalamare,1,BW,1644773131,27,-22.9337,26.5703,79.99,6.82
416,Chulakivka,8,UA,1644773131,53,46.3576,32.3514,32.9,6.49
417,Itapicuru,100,BR,1644773131,33,-11.3167,-38.2333,95.7,10.63
418,Neepawa,100,CA,1644773132,95,50.2289,-99.4664,1.8,14.63
419,Lindås,100,NO,1644773132,93,60.7381,5.16,44.78,10.58
420,Kavaratti,5,IN,1644773132,68,10.5669,72.642,81.27,5.17
421,Makuyuni,100,TZ,1644773133,73,-4.7333,38.1,78.19,3.4
422,Atherton,100,GB,1644773133,91,53.5237,-2.4935,51.3,5.99
423,Rabo de Peixe,20,PT,1644773133,78,37.8,-25.5833,63.28,12.66
424,São Filipe,26,CV,1644773134,55,14.8961,-24.4956,76.95,13.6
425,Pālampur,22,IN,1644773134,56,32.1167,76.5333,45.48,5.55
426,Huarmey,26,PE,1644773134,68,-10.0681,-78.1522,77.5,10.22
427,Lucea,5,JM,1644773135,63,18.451,-78.1736,82.26,11.9
428,Puerto El Triunfo,8,SV,1644773135,50,13.2833,-88.55,92.26,7.78
429,Saint-Prosper,37,CA,1644773135,69,46.2117,-70.4811,9.68,2.35
430,Terrenate,100,MX,1644773136,87,19.4833,-97.9167,53.46,8.1
431,Gizo Government Station,48,SB,1644773109,77,-8.103,156.8419,81.27,4.61
432,Waitati,41,NZ,1644773136,80,-45.75,170.5667,52.81,3.53
433,Sovetskiy,58,RU,1644773136,100,61.3614,63.5842,-12.91,2.42
434,Lālmohan,2,BD,1644773137,54,22.3384,90.7419,67.1,10.29
435,Kindu,76,CD,1644773137,95,-2.95,25.95,72.57,1.59
436,Shache,0,CN,1644773137,40,38.4167,77.2406,37.06,6.8
437,Mehamn,0,NO,1644773137,79,71.0357,27.8492,21.38,18.41
438,Jaraguá,96,BR,1644773138,86,-15.7569,-49.3344,80.82,8.46
439,Usinsk,99,RU,1644773138,95,65.9939,57.5281,11.68,11.16
440,Maniitsoq,100,GL,1644773138,94,65.4167,-52.9,6.94,20.89
441,Santoña,100,ES,1644773139,63,43.4439,-3.4576,64.71,9.1
442,Marsh Harbour,100,BS,1644773139,77,26.5412,-77.0636,76.48,19.3
443,Qingyuan,87,CN,1644773140,88,23.7,113.0333,51.78,5.41
444,Kérouané,51,GN,1644773140,9,9.2667,-9.0167,93.27,5.37
445,Suez,0,EG,1644773140,66,29.9737,32.5263,60.19,14.5
446,Río Gallegos,20,AR,1644773103,25,-51.6226,-69.2181,60.85,50.64
447,Protección,59,HN,1644773141,85,15.0333,-88.65,71.67,6.46
448,Salisbury,75,GB,1644773141,94,51.0693,-1.7957,51.69,24.16
449,Asău,100,RO,1644773141,77,46.4333,26.4,31.95,2.71
450,Puerto Escondido,75,MX,1644773142,74,15.85,-97.0667,83.23,5.75
451,Dukat,31,RU,1644773142,100,62.55,155.55,-28.23,3.4
452,Hobyo,39,SO,1644773142,70,5.3505,48.5268,77.38,14.27
453,San Patricio,0,US,1644773143,24,28.017,-97.5169,57.18,8.25
454,Llanes,100,ES,1644773143,75,43.4198,-4.7549,58.26,8.37
455,Vanimo,59,PG,1644773143,88,-2.6741,141.3028,77.63,6.64
456,Murchison,100,NZ,1644773144,99,-41.8,172.3333,48.07,2.46
457,Brigantine,100,US,1644773144,80,39.4101,-74.3646,39.99,8.05
458,Songjianghe,100,CN,1644773144,90,42.1859,127.479,11.64,1.41
459,Anadyr,0,RU,1644773145,75,64.75,177.4833,-28.7,4.47
460,San Juan,0,AR,1644772618,28,-31.5375,-68.5364,82.22,5.57
461,Kudahuvadhoo,77,MV,1644773145,75,2.6708,72.8944,81.79,9.64
462,Saurimo,94,AO,1644772881,87,-9.6608,20.3916,68.54,2.08
463,Óbidos,95,BR,1644773146,66,-1.9175,-55.5181,85.05,5.06
464,Mokrousovo,59,RU,1644773146,99,55.8103,66.7653,0.81,4.72
465,Sorong,100,ID,1644773146,82,-0.8833,131.25,78.58,3.67
466,Bulolo,100,PG,1644773146,98,-7.2,146.65,70.02,0.6
467,Helong,100,CN,1644773147,58,42.5397,128.9972,14.02,2.17
468,Salina,0,US,1644773042,48,38.8403,-97.6114,34.18,4.61
469,Booué,98,GA,1644773147,67,-0.0921,11.9385,82.67,5.66
470,Dicabisagan,94,PH,1644773147,88,17.0818,122.4157,75.4,7.4
471,Ryōtsu-minato,100,JP,1644773148,67,38.0833,138.4333,37.65,11.01
472,Bertoua,92,CM,1644773148,19,4.5833,13.6833,85.55,1.61
473,Zhireken,96,RU,1644773148,98,52.8249,117.3076,-13.38,2.8
474,Shāhgarh,0,IN,1644773149,32,24.3167,79.1333,60.12,5.3
475,Erzin,76,TR,1644773149,74,36.9559,36.2,54.32,2.62
476,Taoudenni,0,ML,1644773149,16,22.6783,-3.9836,74.07,15.26
477,Baie-Saint-Paul,5,CA,1644773150,74,47.4411,-70.4986,9.09,8.99
478,Icatu,73,BR,1644773150,82,-2.7758,-44.0658,75.63,11.36
479,Ascension,0,US,1644773150,37,30.2169,-90.9001,49.1,9.22
480,Tezu,0,IN,1644773151,50,27.9167,96.1667,55.08,4.88
481,Wittlich,0,DE,1644773151,58,49.9833,6.8833,47.05,11.5
482,Evensk,27,RU,1644773151,74,61.95,159.2333,-6.68,8.97
483,Lakatoro,100,VU,1644773152,82,-16.0999,167.4164,79.81,7.96
484,Dzaoudzi,20,YT,1644773152,89,-12.7887,45.2699,78.69,3.44
485,Sisimiut,100,GL,1644773152,75,66.9395,-53.6735,16.16,16.17
486,Linden,94,GY,1644773012,69,6.0,-58.3,82.54,5.91
487,Ereymentau,98,KZ,1644773152,99,51.6199,73.1033,11.25,4.41
488,Nobeoka,100,JP,1644773153,90,32.5833,131.6667,44.76,11.7
489,Mopipi,5,BW,1644773153,28,-21.1833,24.8833,84.52,6.71
490,Wanaka,0,NZ,1644773153,85,-44.7,169.15,45.1,1.99
491,Nelson Bay,41,AU,1644772918,71,-32.7167,152.15,65.95,10.09
492,Oriximiná,91,BR,1644773154,56,-1.7656,-55.8661,88.41,5.57
493,Nkowakowa,4,ZA,1644773154,40,-23.8878,30.2871,75.25,2.91
494,Philadelphia,100,US,1644772988,91,39.9523,-75.1638,35.49,8.05
495,Yaan,18,NG,1644773155,8,7.3833,8.5667,97.45,5.48
496,Nchelenge,94,ZM,1644773155,84,-9.3451,28.734,71.11,2.73
497,Magdagachi,98,RU,1644773155,91,53.45,125.8,-2.58,3.51
498,Xinyang,35,CN,1644773156,78,32.1228,114.0656,40.71,3.69
499,Codrington,69,AU,1644773156,95,-38.2667,141.9667,60.03,4.74
500,Marawi,94,PH,1644773156,91,7.9986,124.2928,64.65,2.24
501,Timberlake,100,US,1644773156,93,37.3207,-79.2575,37.26,4.61
502,Bagamoyo,91,TZ,1644773157,84,-6.4333,38.9,78.76,8.25
503,Srednekolymsk,16,RU,1644773157,99,67.45,153.6833,-32.33,6.15
504,Novo Aripuanã,76,BR,1644773157,88,-5.1206,-60.3797,82.02,2.77
505,Dourbali,6,TD,1644773158,10,11.8091,15.8632,85.73,8.34
506,Gohānd,0,IN,1644773158,45,25.7,79.55,59.27,7.45
507,Washington,24,US,1644772861,74,47.5001,-120.5015,32.79,2.35
508,Santa Catarina de Tepehuanes,99,MX,1644773158,35,25.35,-105.7333,48.54,4.56
509,Chimbote,14,PE,1644773159,64,-9.0853,-78.5783,77.81,9.98
510,Fare,100,PF,1644773159,75,-16.7,-151.0167,80.53,14.34
511,Orlik,100,RU,1644773159,98,52.5178,99.825,-14.33,1.57
512,Yola,66,NG,1644773160,10,9.2,12.4833,91.15,4.41
513,Saint-Leu,38,RE,1644773160,83,-21.15,55.2833,79.66,6.33
514,Pascagoula,0,US,1644773160,40,30.3658,-88.5561,50.04,11.5
515,Thinadhoo,76,MV,1644773161,75,0.5333,72.9333,82.33,10.8
516,Creston,20,US,1644773161,52,41.0586,-94.3614,18.54,16.11
517,Greiz,3,DE,1644773161,75,50.65,12.2,42.94,1.99
518,Cândido Mendes,95,BR,1644773162,79,-1.4467,-45.7167,82.04,6.69
519,San Quintín,46,MX,1644773162,19,30.4833,-115.95,73.15,0.69
520,Merrill,0,US,1644772820,49,45.1805,-89.6835,9.37,4.61
521,Kiryat Gat,0,IL,1644773043,100,31.61,34.7642,58.41,4.65
522,Krivosheino,86,RU,1644773162,95,57.3431,83.9261,6.73,9.71
523,Huilong,100,CN,1644773163,81,31.8111,121.655,44.04,8.23
524,Tiruchchendur,100,IN,1644773163,75,8.4833,78.1167,79.52,14.81
525,Manado,40,ID,1644773163,100,1.487,124.8455,74.17,1.14
526,Erenhot,11,CN,1644773164,90,43.6475,111.9767,-4.92,6.11
527,Xining,1,CN,1644772919,69,36.6167,101.7667,12.43,0.25
528,Honningsvåg,100,NO,1644773164,86,70.9821,25.9704,20.95,13.8
529,Akureyri,0,IS,1644773165,78,65.6835,-18.0878,-0.47,5.75
530,Walvis Bay,12,NA,1644773165,65,-22.9575,14.5053,77.95,10.36
531,Verkhnyaya Inta,99,RU,1644773165,83,65.9811,60.3094,6.28,7.36
532,Ixtapa,75,MX,1644773166,50,20.7,-105.2,76.23,5.75
533,Nabire,100,ID,1644772972,93,-3.3667,135.4833,75.4,3.44
534,Adrar,33,MR,1644773166,12,20.5022,-10.0711,76.42,12.53
535,Kelvington,100,CA,1644773166,88,52.1667,-103.5343,24.46,21.88
536,Nayoro,59,JP,1644773167,99,44.3506,142.4578,7.05,2.68
537,Kumul,100,CN,1644773167,49,42.8,93.45,27.99,6.76
538,Laramie,13,US,1644773004,58,41.3114,-105.5911,44.78,13.6
539,Turka,2,UA,1644773168,89,49.1541,23.0297,29.93,6.2
540,Glasgow,100,GB,1644773168,94,55.8652,-4.2576,42.51,3.44
541,Normandin,26,CA,1644773168,54,48.8333,-72.5321,-9.27,2.3
542,Moose Factory,0,CA,1644773169,50,51.2585,-80.6094,-0.4,12.66
543,Stepnyak,23,KZ,1644773169,99,52.8339,70.7803,-2.74,6.96
544,Brazzaville,75,CG,1644773169,83,-4.2658,15.2832,75.56,6.91
545,Gueugnon,70,FR,1644773170,60,46.6036,4.0629,51.75,12.19
546,Tiverton,75,GB,1644773170,95,50.9,-3.4833,52.41,14.97
547,Berlevåg,100,NO,1644773170,78,70.8578,29.0864,19.4,12.08
548,Shihezi,92,CN,1644773171,92,44.3,86.0333,12.24,3.44
549,Ranchi,0,IN,1644773171,62,23.35,85.3333,57.31,0.0
550,Turbat,49,PK,1644773172,62,26.0023,63.044,70.21,4.45
551,Beyneu,100,KZ,1644773172,75,45.3167,55.2,32.31,22.55
552,Barcelos,92,PT,1644773172,90,41.5388,-8.6151,57.34,12.48
553,Waipawa,100,NZ,1644773173,84,-41.4122,175.5153,54.23,11.74
554,San Julián,93,MX,1644773173,50,21.0167,-102.1667,57.49,10.04
555,Luganville,96,VU,1644773174,85,-15.5333,167.1667,78.57,4.92
556,Ilmenau,16,DE,1644773174,79,50.6833,10.9,41.29,9.86
